{
  "model_path": "models/sac_fixed_seed_1000.zip",
  "test_seeds": [
    1000,
    2679,
    3286,
    4657,
    5012,
    9935
  ],
  "n_episodes": 20,
  "seed_results": {
    "1000": {
      "mean_reward": 301.43744863240715,
      "std_reward": 85.59446840521022,
      "min_reward": 51.83755625369441,
      "max_reward": 336.79925065104857,
      "mean_length": 380.65,
      "success_rate": 0.85,
      "crash_rate": 0.15,
      "out_of_road_rate": 0.0,
      "episode_rewards": [
        335.7882605468667,
        335.1554757973357,
        336.26624142344264,
        330.51245528332106,
        53.538823750573115,
        336.32518839625044,
        336.2733309139135,
        333.21400267123164,
        335.8275402100847,
        336.1681823295775,
        331.1488052745411,
        335.7713145118843,
        335.78506870551263,
        51.83755625369441,
        331.5665595542004,
        331.9851562201141,
        336.79925065104857,
        237.11297532079115,
        333.6707102375335,
        334.0020745962266
      ],
      "episode_lengths": [
        373,
        424,
        433,
        425,
        70,
        421,
        445,
        388,
        401,
        462,
        418,
        394,
        449,
        73,
        409,
        483,
        395,
        311,
        416,
        423
      ]
    },
    "2679": {
      "mean_reward": 68.04638480613302,
      "std_reward": 5.609928239833525,
      "min_reward": 61.157208069120514,
      "max_reward": 79.82228542114143,
      "mean_length": 100.8,
      "success_rate": 0.0,
      "crash_rate": 0.1,
      "out_of_road_rate": 0.9,
      "episode_rewards": [
        70.87287485766393,
        73.92583296714535,
        67.12993023803648,
        62.72953762860847,
        79.82228542114143,
        62.936675537624595,
        61.60392129742068,
        64.40572477057648,
        61.157208069120514,
        68.210992886881,
        72.83458062236357,
        73.00232597656316,
        71.5465584805131,
        61.77946797165416,
        62.900913788139704,
        64.45084986873209,
        61.98938825165712,
        74.40185607811058,
        68.51948565317564,
        76.70728575753229
      ],
      "episode_lengths": [
        100,
        104,
        97,
        83,
        111,
        86,
        82,
        126,
        81,
        111,
        102,
        128,
        106,
        82,
        89,
        88,
        87,
        100,
        152,
        101
      ]
    },
    "3286": {
      "mean_reward": 167.54493497372545,
      "std_reward": 126.67066651285694,
      "min_reward": 54.07542715965073,
      "max_reward": 435.94425772540853,
      "mean_length": 208.65,
      "success_rate": 0.15,
      "crash_rate": 0.35,
      "out_of_road_rate": 0.5,
      "episode_rewards": [
        54.07542715965073,
        430.21408484875576,
        58.5757741447304,
        123.16148338415047,
        54.30477181974818,
        123.0454634414462,
        435.94425772540853,
        225.08140656101762,
        123.71460940451811,
        58.29484472997518,
        227.19979629604057,
        59.82164505373713,
        428.0158395939443,
        229.24429043922635,
        122.24804220132802,
        122.83808558331776,
        130.27178960269018,
        54.68422273240522,
        57.948640557486144,
        232.21422419493243
      ],
      "episode_lengths": [
        71,
        506,
        72,
        113,
        70,
        120,
        515,
        383,
        123,
        73,
        255,
        73,
        622,
        368,
        114,
        112,
        124,
        70,
        72,
        317
      ]
    },
    "4657": {
      "mean_reward": 120.90215928354064,
      "std_reward": 21.12320433045727,
      "min_reward": 29.78722403645508,
      "max_reward": 133.28021830048647,
      "mean_length": 157.2,
      "success_rate": 0.0,
      "crash_rate": 0.05,
      "out_of_road_rate": 0.95,
      "episode_rewards": [
        126.79186023223895,
        126.70705055782744,
        118.97852191034974,
        129.7984684510524,
        121.1472008105707,
        125.73842528461418,
        125.9745280586462,
        126.0470956193175,
        124.31969769423648,
        123.36168921198427,
        121.89426561665118,
        124.00288646181528,
        126.93267130269072,
        29.78722403645508,
        123.96091275904743,
        133.28021830048647,
        126.24304154669645,
        127.87657298815796,
        128.23951150625004,
        126.96134332172392
      ],
      "episode_lengths": [
        166,
        153,
        148,
        188,
        135,
        150,
        167,
        178,
        174,
        165,
        162,
        145,
        208,
        55,
        191,
        170,
        128,
        161,
        157,
        143
      ]
    },
    "5012": {
      "mean_reward": 109.15405767125324,
      "std_reward": 95.81428378376066,
      "min_reward": 58.90594889074872,
      "max_reward": 327.928753627621,
      "mean_length": 135.15,
      "success_rate": 0.15,
      "crash_rate": 0.1,
      "out_of_road_rate": 0.75,
      "episode_rewards": [
        327.3238763685766,
        59.79880308147699,
        59.81221236630668,
        59.87679673278683,
        59.79789488649368,
        327.928753627621,
        59.74496039492327,
        59.86918288130596,
        59.80849392483435,
        59.40298444294007,
        59.81726942816057,
        59.84062851552379,
        59.77788247273092,
        327.01652498742715,
        58.90594889074872,
        59.80910315161458,
        59.65276939552551,
        140.83780453031682,
        59.90820691689197,
        164.15105642885945
      ],
      "episode_lengths": [
        351,
        79,
        79,
        79,
        79,
        364,
        79,
        79,
        79,
        79,
        79,
        79,
        79,
        376,
        78,
        79,
        79,
        206,
        79,
        222
      ]
    },
    "9935": {
      "mean_reward": 197.1301835821351,
      "std_reward": 35.365865792328314,
      "min_reward": 75.35518033612348,
      "max_reward": 232.32427543912127,
      "mean_length": 266.3,
      "success_rate": 0.0,
      "crash_rate": 0.4,
      "out_of_road_rate": 0.6,
      "episode_rewards": [
        220.3190575781452,
        208.00817267928863,
        217.57428503425527,
        226.7484094692452,
        168.02339881807015,
        226.24545126863782,
        179.13945536767497,
        215.05550347594271,
        232.32427543912127,
        206.6426818738525,
        226.7740418165472,
        75.35518033612348,
        166.70349069318215,
        174.73793577056966,
        211.53881869862997,
        218.1622395629707,
        159.1190579669367,
        205.9369956997195,
        197.7492342162322,
        206.44598587755655
      ],
      "episode_lengths": [
        247,
        255,
        255,
        248,
        251,
        302,
        217,
        287,
        302,
        273,
        271,
        84,
        522,
        248,
        278,
        252,
        202,
        319,
        222,
        291
      ]
    }
  },
  "summary": {
    "overall_mean_reward": 160.70252815819913,
    "overall_std_reward": 106.68273743303644,
    "overall_success_rate": 0.19166666666666665,
    "success_rate_std": 0.30196118219989065
  }
}