{
  "model_path": "models/sac_multi_seed.zip",
  "test_seeds": [
    1000,
    2679,
    3286,
    4657,
    5012,
    9935
  ],
  "n_episodes": 20,
  "seed_results": {
    "1000": {
      "mean_reward": 183.01894048250807,
      "std_reward": 73.41284513369314,
      "min_reward": 61.178139105179284,
      "max_reward": 336.6365027730633,
      "mean_length": 180.4,
      "success_rate": 0.1,
      "crash_rate": 0.55,
      "out_of_road_rate": 0.4,
      "episode_rewards": [
        115.66908642892244,
        262.62457846067963,
        332.9042896700718,
        175.80158526068496,
        113.15503100641638,
        129.62353971331535,
        197.2346916855375,
        106.93486454685733,
        199.32572742562272,
        258.2333312382126,
        336.6365027730633,
        252.083539990524,
        144.94287877590207,
        92.98131210852479,
        163.9612645883666,
        175.8391973426838,
        192.87928041736876,
        61.178139105179284,
        148.55239293042018,
        199.81757618180808
      ],
      "episode_lengths": [
        110,
        311,
        304,
        154,
        112,
        123,
        217,
        104,
        177,
        233,
        372,
        253,
        116,
        96,
        165,
        160,
        233,
        76,
        124,
        168
      ]
    },
    "2679": {
      "mean_reward": 172.88819873343328,
      "std_reward": 83.61216622827762,
      "min_reward": 93.52752125990037,
      "max_reward": 361.66923776862296,
      "mean_length": 169.05,
      "success_rate": 0.1,
      "crash_rate": 0.25,
      "out_of_road_rate": 0.7,
      "episode_rewards": [
        104.0708011485354,
        136.02471019835056,
        153.50483272152445,
        198.98293412521178,
        102.29324758584951,
        151.6917723914799,
        279.32762903404586,
        131.97730575450328,
        111.96377862589435,
        129.8201428178909,
        357.70909149223047,
        275.4372707394089,
        93.52752125990037,
        216.81194583746452,
        101.18887116976359,
        103.78907268622078,
        118.99028146421483,
        224.33997924925296,
        104.64354859830021,
        361.66923776862296
      ],
      "episode_lengths": [
        118,
        153,
        141,
        210,
        101,
        133,
        283,
        132,
        105,
        139,
        330,
        269,
        94,
        215,
        112,
        100,
        125,
        205,
        103,
        313
      ]
    },
    "3286": {
      "mean_reward": 178.0976717372809,
      "std_reward": 108.571132633331,
      "min_reward": 105.83766787067414,
      "max_reward": 434.498738233771,
      "mean_length": 161.45,
      "success_rate": 0.05,
      "crash_rate": 0.3,
      "out_of_road_rate": 0.8,
      "episode_rewards": [
        111.55032235665391,
        107.99841578174849,
        148.72305928054107,
        108.76472090305732,
        107.89113049330167,
        308.7279704126552,
        110.84140946763273,
        106.19419791314183,
        105.83766787067414,
        109.3089993365971,
        107.21577489902776,
        360.48820814464233,
        368.1094622998746,
        331.04988826822955,
        151.44334718208646,
        434.498738233771,
        111.29169691539722,
        156.85116097695922,
        106.87159557659211,
        108.29566843303468
      ],
      "episode_lengths": [
        103,
        100,
        127,
        99,
        99,
        289,
        101,
        98,
        100,
        99,
        99,
        344,
        300,
        316,
        133,
        386,
        104,
        133,
        98,
        101
      ]
    },
    "4657": {
      "mean_reward": 139.75345922246044,
      "std_reward": 29.651702643014765,
      "min_reward": 102.78298767039084,
      "max_reward": 217.89080746056717,
      "mean_length": 137.3,
      "success_rate": 0.0,
      "crash_rate": 0.2,
      "out_of_road_rate": 0.8,
      "episode_rewards": [
        146.99868905994992,
        140.92209909408768,
        108.7229209933457,
        122.97179588578427,
        155.20676532805015,
        135.68884761658865,
        210.84598371603647,
        145.61303186723663,
        102.78298767039084,
        135.08922527347005,
        121.42026659900503,
        124.27670475858349,
        120.96762338665721,
        116.17627137925398,
        160.82152789144533,
        123.996636847876,
        151.30886897397858,
        106.72718034187982,
        146.64095030502259,
        217.89080746056717
      ],
      "episode_lengths": [
        141,
        117,
        100,
        104,
        153,
        148,
        239,
        145,
        99,
        127,
        143,
        110,
        109,
        100,
        155,
        124,
        132,
        119,
        142,
        239
      ]
    },
    "5012": {
      "mean_reward": 134.72701629736866,
      "std_reward": 88.62843687637432,
      "min_reward": 37.10488047649227,
      "max_reward": 322.1255816373275,
      "mean_length": 139.3,
      "success_rate": 0.15,
      "crash_rate": 0.3,
      "out_of_road_rate": 0.55,
      "episode_rewards": [
        318.9394166650777,
        154.9347585760113,
        122.38404684287576,
        107.15748132552125,
        115.88587632288343,
        124.5485702629307,
        181.83173495799025,
        115.75669467809118,
        114.18770847671674,
        37.11926586642974,
        37.10488047649227,
        118.22761348008615,
        114.61975859286522,
        37.116930250624236,
        319.76659714191953,
        37.11927753422269,
        322.1255816373275,
        121.00734779981147,
        157.59153371478527,
        37.11525134470983
      ],
      "episode_lengths": [
        288,
        184,
        123,
        111,
        116,
        123,
        171,
        117,
        116,
        59,
        59,
        117,
        116,
        59,
        298,
        59,
        308,
        133,
        170,
        59
      ]
    },
    "9935": {
      "mean_reward": 168.31039665323047,
      "std_reward": 51.75820456271569,
      "min_reward": 48.459894375876175,
      "max_reward": 233.8023674432511,
      "mean_length": 165.1,
      "success_rate": 0.0,
      "crash_rate": 0.6,
      "out_of_road_rate": 0.4,
      "episode_rewards": [
        233.8023674432511,
        125.14181816665729,
        180.1212956247576,
        140.12332860037932,
        171.76294333543197,
        176.11859681233165,
        222.33116525436537,
        223.92488799073104,
        231.21602032747458,
        107.75653058578554,
        99.84723010574943,
        181.01534894890105,
        169.98434195225107,
        183.0276865190887,
        48.459894375876175,
        223.22930210550086,
        183.65329748261212,
        129.05073702685723,
        102.40629503550329,
        233.2348453711038
      ],
      "episode_lengths": [
        194,
        130,
        161,
        114,
        216,
        175,
        252,
        175,
        203,
        137,
        97,
        152,
        213,
        160,
        69,
        184,
        181,
        107,
        99,
        283
      ]
    }
  },
  "summary": {
    "overall_mean_reward": 162.79928052104697,
    "overall_std_reward": 79.24167888815344,
    "overall_success_rate": 0.06666666666666667,
    "success_rate_std": 0.055277079839256664
  }
}